<?xml version="1.0" encoding="UTF-8"?>

<mule xmlns:dw="http://www.mulesoft.org/schema/mule/ee/dw" xmlns:http="http://www.mulesoft.org/schema/mule/http" xmlns="http://www.mulesoft.org/schema/mule/core" xmlns:doc="http://www.mulesoft.org/schema/mule/documentation"
	xmlns:spring="http://www.springframework.org/schema/beans" 
	xmlns:xsi="http://www.w3.org/2001/XMLSchema-instance"
	xsi:schemaLocation="http://www.springframework.org/schema/beans http://www.springframework.org/schema/beans/spring-beans-current.xsd
http://www.mulesoft.org/schema/mule/core http://www.mulesoft.org/schema/mule/core/current/mule.xsd
http://www.mulesoft.org/schema/mule/http http://www.mulesoft.org/schema/mule/http/current/mule-http.xsd
http://www.mulesoft.org/schema/mule/ee/dw http://www.mulesoft.org/schema/mule/ee/dw/current/dw.xsd">
    <http:listener-config name="HTTP_Listener_Configuration" host="0.0.0.0" port="8081" basePath="/dataweave" doc:name="HTTP Listener Configuration"/>
    <flow name="dataweave-func-appFlow">
        <http:listener config-ref="HTTP_Listener_Configuration" path="/func" doc:name="HTTP"/>
        <logger message="=====Flow is started ======" level="INFO" doc:name="Logger"/>
        <set-payload value="[
  { 
    &quot;name&quot;: &quot;Archer&quot;,
    &quot;jobs&quot;: [
      { &quot;type&quot;: &quot;developer&quot; },
      { &quot;type&quot;: &quot;investor&quot;  },
      { &quot;type&quot;: &quot;educator&quot;  } 
    ] 
  },
  {
    &quot;name&quot;: &quot;Cyril&quot;,
    &quot;jobs&quot;: [
      { &quot;type&quot;: &quot;developer&quot;    },
      { &quot;type&quot;: &quot;entrepreneur&quot; },
      { &quot;type&quot;: &quot;lion tamer&quot;   }
    ]
  } 
]" doc:name="Set Payload"/>
        <dw:transform-message doc:name="Transform Message">
            <dw:input-payload doc:sample="sample_data\map.dwl"/>
            <dw:set-payload><![CDATA[%dw 1.0
%output application/json
---
payload map 
	{
		"num" : $$ +1,
		( payload map $ )
	} 
	



]]></dw:set-payload>
        </dw:transform-message>
        <set-payload value="#[payload]" doc:name="Set Payload"/>
    </flow>
</mule>
